DATE,OPEN,TREND,NEWS ISSUE,NEGATIVE,NEUTRAL,POSITIVE,AVERAGE NEWS
2023-01-01,16541.77,0,15.0,0.0,10.0,5.0,0.3333333333333333
2023-01-02,16617.17,0,2.0,0.0,2.0,0.0,0.0
2023-01-03,16672.78,0,8.0,0.0,5.0,3.0,0.375
2023-01-04,16675.65,0,11.0,2.0,4.0,5.0,0.2727272727272727
2023-01-05,16850.36,0,13.0,1.0,6.0,6.0,0.38461538461538464
2023-01-06,16831.85,0,6.0,2.0,2.0,2.0,0.0
2023-01-07,16950.31,0,14.0,1.0,7.0,6.0,0.35714285714285715
2023-01-08,16943.83,0,7.0,1.0,5.0,1.0,0.0
2023-01-09,17127.83,0,13.0,2.0,8.0,3.0,0.07692307692307693
2023-01-10,17179.04,0,10.0,0.0,3.0,7.0,0.7
2023-01-11,17440.64,1,9.0,0.0,7.0,2.0,0.2222222222222222
2023-01-12,17943.26,1,13.0,1.0,6.0,6.0,0.38461538461538464
2023-01-13,18846.62,1,12.0,3.0,5.0,4.0,0.08333333333333333
2023-01-14,19930.01,1,16.0,0.0,13.0,3.0,0.1875
2023-01-15,20952.76,1,9.0,1.0,7.0,1.0,0.0
2023-01-16,20872.99,1,9.0,2.0,3.0,4.0,0.2222222222222222
2023-01-17,21185.65,1,12.0,0.0,10.0,2.0,0.16666666666666666
2023-01-18,21132.29,1,16.0,1.0,7.0,8.0,0.4375
2023-01-19,20677.47,1,19.0,3.0,7.0,9.0,0.3157894736842105
2023-01-20,21071.59,1,15.0,0.0,10.0,5.0,0.3333333333333333
2023-01-21,22666.0,1,8.0,0.0,3.0,5.0,0.625
2023-01-22,22783.35,1,10.0,0.0,8.0,2.0,0.2
2023-01-23,22706.02,1,9.0,0.0,7.0,2.0,0.2222222222222222
2023-01-24,22917.81,1,5.0,0.0,4.0,1.0,0.2
2023-01-25,22631.94,1,14.0,0.0,6.0,8.0,0.5714285714285714
2023-01-26,23060.42,1,7.0,0.0,5.0,2.0,0.2857142857142857
2023-01-27,23009.65,1,6.0,0.0,4.0,2.0,0.3333333333333333
2023-01-28,23074.16,1,6.0,0.0,5.0,1.0,0.16666666666666666
2023-01-29,23021.4,1,12.0,2.0,6.0,4.0,0.16666666666666666
2023-01-30,23743.37,1,14.0,0.0,11.0,3.0,0.21428571428571427
2023-01-31,22827.38,1,19.0,0.0,11.0,8.0,0.42105263157894735
2023-02-01,23125.13,1,16.0,1.0,10.0,5.0,0.25
2023-02-02,23731.41,1,8.0,0.0,3.0,5.0,0.625
2023-02-03,23489.33,1,8.0,0.0,3.0,5.0,0.625
2023-02-04,23431.9,1,3.0,1.0,2.0,0.0,-0.3333333333333333
2023-02-05,23327.66,1,9.0,0.0,6.0,3.0,0.3333333333333333
2023-02-06,22932.91,-1,14.0,3.0,5.0,6.0,0.21428571428571427
2023-02-07,22762.52,-1,13.0,0.0,7.0,6.0,0.46153846153846156
2023-02-08,23242.42,1,4.0,0.0,3.0,1.0,0.25
2023-02-09,22961.85,-1,12.0,0.0,6.0,6.0,0.5
2023-02-10,21797.83,-1,8.0,1.0,6.0,1.0,0.0
2023-02-11,21625.19,-1,6.0,0.0,4.0,2.0,0.3333333333333333
2023-02-12,21862.02,-1,21.0,2.0,7.0,12.0,0.47619047619047616
2023-02-13,21782.37,-1,13.0,0.0,9.0,4.0,0.3076923076923077
2023-02-14,21774.63,-1,10.0,1.0,4.0,5.0,0.4
2023-02-15,22199.84,-1,9.0,1.0,6.0,2.0,0.1111111111111111
2023-02-16,24322.87,1,8.0,1.0,7.0,0.0,-0.125
2023-02-17,23517.72,1,9.0,0.0,5.0,4.0,0.4444444444444444
2023-02-18,24568.24,1,8.0,1.0,4.0,3.0,0.25
2023-02-19,24632.05,1,14.0,0.0,4.0,10.0,0.7142857142857143
2023-02-20,24272.51,1,21.0,0.0,11.0,10.0,0.47619047619047616
2023-02-21,24843.89,1,9.0,2.0,4.0,3.0,0.1111111111111111
2023-02-22,24450.67,1,3.0,0.0,2.0,1.0,0.3333333333333333
2023-02-23,24182.21,1,5.0,0.0,2.0,3.0,0.6
2023-02-24,23940.2,1,14.0,1.0,8.0,5.0,0.2857142857142857
2023-02-25,23184.04,1,8.0,1.0,4.0,3.0,0.25
2023-02-26,23157.07,-1,10.0,2.0,2.0,6.0,0.4
2023-02-27,23554.85,1,12.0,1.0,6.0,5.0,0.3333333333333333
2023-02-28,23492.09,-1,19.0,1.0,10.0,8.0,0.3684210526315789
2023-03-01,23141.57,-1,17.0,0.0,13.0,4.0,0.23529411764705882
2023-03-02,23629.76,-1,22.0,1.0,14.0,7.0,0.2727272727272727
2023-03-03,23465.32,-1,10.0,0.0,8.0,2.0,0.2
2023-03-04,22354.34,-1,7.0,0.0,7.0,0.0,0.0
2023-03-05,22346.57,-1,9.0,2.0,6.0,1.0,-0.1111111111111111
2023-03-06,22430.24,-1,19.0,4.0,9.0,6.0,0.10526315789473684
2023-03-07,22409.41,-1,17.0,0.0,11.0,6.0,0.35294117647058826
2023-03-08,22198.56,-1,19.0,2.0,9.0,8.0,0.3157894736842105
2023-03-09,21704.37,-1,23.0,0.0,12.0,11.0,0.4782608695652174
2023-03-10,20362.21,-1,23.0,2.0,11.0,10.0,0.34782608695652173
2023-03-11,20150.69,-1,15.0,1.0,7.0,7.0,0.4
2023-03-12,20455.73,-1,28.0,2.0,10.0,16.0,0.5
2023-03-13,21998.05,-1,80.0,6.0,53.0,21.0,0.1875
2023-03-14,24112.27,1,49.0,4.0,33.0,12.0,0.16326530612244897
2023-03-15,24670.41,1,29.0,2.0,18.0,9.0,0.2413793103448276
2023-03-16,24285.66,1,37.0,1.0,28.0,8.0,0.1891891891891892
2023-03-17,24998.78,1,49.0,6.0,21.0,22.0,0.32653061224489793
2023-03-18,27395.13,1,30.0,2.0,21.0,7.0,0.16666666666666666
2023-03-19,26907.49,1,40.0,3.0,24.0,13.0,0.25
2023-03-20,27972.87,1,33.0,2.0,15.0,16.0,0.42424242424242425
2023-03-21,27717.01,1,42.0,4.0,26.0,12.0,0.19047619047619047
2023-03-22,28107.81,1,28.0,4.0,11.0,13.0,0.32142857142857145
2023-03-23,27250.97,1,28.0,1.0,17.0,10.0,0.32142857142857145
2023-03-24,28295.42,1,29.0,2.0,17.0,10.0,0.27586206896551724
2023-03-25,27454.46,1,23.0,2.0,12.0,9.0,0.30434782608695654
2023-03-26,27462.96,1,33.0,3.0,13.0,17.0,0.42424242424242425
2023-03-27,27968.05,1,25.0,0.0,17.0,8.0,0.32
2023-03-28,27124.9,-1,18.0,2.0,13.0,3.0,0.05555555555555555
2023-03-29,27261.06,1,36.0,1.0,24.0,11.0,0.2777777777777778
2023-03-30,28348.6,1,33.0,5.0,21.0,7.0,0.06060606060606061
2023-03-31,28028.53,1,4.0,0.0,2.0,2.0,0.5
2023-04-01,28465.36,1,17.0,0.0,8.0,9.0,0.5294117647058824
2023-04-02,28452.74,1,17.0,2.0,7.0,8.0,0.35294117647058826
2023-04-03,28171.87,-1,12.0,0.0,8.0,4.0,0.3333333333333333
2023-04-04,27800.0,1,14.0,1.0,10.0,3.0,0.14285714285714285
2023-04-05,28165.47,1,11.0,3.0,3.0,5.0,0.18181818181818182
2023-04-06,28170.01,1,19.0,1.0,9.0,9.0,0.42105263157894735
2023-04-07,28033.83,1,13.0,1.0,6.0,6.0,0.38461538461538464
2023-04-08,27906.34,1,10.0,2.0,4.0,4.0,0.2
2023-04-09,27938.38,-1,9.0,0.0,3.0,6.0,0.6666666666666666
2023-04-10,28323.76,1,25.0,1.0,16.0,8.0,0.28
2023-04-11,29637.35,1,17.0,1.0,11.0,5.0,0.23529411764705882
2023-04-12,30200.43,1,13.0,0.0,5.0,8.0,0.6153846153846154
2023-04-13,29888.07,1,6.0,1.0,4.0,1.0,0.0
2023-04-14,30373.84,1,10.0,0.0,5.0,5.0,0.5
2023-04-15,30466.93,1,7.0,1.0,2.0,4.0,0.42857142857142855
2023-04-16,30295.1,1,10.0,1.0,6.0,3.0,0.2
2023-04-17,30304.66,1,11.0,1.0,3.0,7.0,0.5454545454545454
2023-04-18,29430.27,1,10.0,0.0,5.0,5.0,0.5
2023-04-19,30380.01,1,18.0,3.0,13.0,2.0,-0.05555555555555555
2023-04-20,28797.1,1,11.0,0.0,8.0,3.0,0.2727272727272727
2023-04-21,28243.65,-1,8.0,0.0,5.0,3.0,0.375
2023-04-22,27262.84,-1,16.0,0.0,8.0,8.0,0.5
2023-04-23,27816.85,-1,13.0,0.0,7.0,6.0,0.46153846153846156
2023-04-24,27590.59,-1,8.0,0.0,8.0,0.0,0.0
2023-04-25,27510.93,-1,3.0,0.0,1.0,2.0,0.6666666666666666
2023-04-26,28300.8,-1,16.0,0.0,13.0,3.0,0.1875
2023-04-27,28415.29,-1,22.0,1.0,11.0,10.0,0.4090909090909091
2023-04-28,29472.77,1,3.0,1.0,1.0,1.0,0.0
2023-04-29,29311.69,-1,7.0,0.0,5.0,2.0,0.2857142857142857
2023-04-30,29230.45,1,2.0,0.0,2.0,0.0,0.0
2023-05-01,29233.2,1,5.0,0.0,4.0,1.0,0.2
2023-05-02,28068.26,1,14.0,1.0,7.0,6.0,0.35714285714285715
2023-05-03,28669.85,1,24.0,1.0,16.0,7.0,0.25
2023-05-04,29026.16,1,29.0,1.0,15.0,13.0,0.41379310344827586
2023-05-05,28838.16,1,10.0,0.0,6.0,4.0,0.4
2023-05-06,29505.6,1,7.0,1.0,3.0,3.0,0.2857142857142857
2023-05-07,28848.19,1,10.0,1.0,7.0,2.0,0.1
2023-05-08,28430.09,-1,18.0,0.0,12.0,6.0,0.3333333333333333
2023-05-09,27668.8,-1,18.0,2.0,10.0,6.0,0.2222222222222222
2023-05-10,27628.28,-1,19.0,1.0,9.0,9.0,0.42105263157894735
2023-05-11,27598.74,-1,11.0,3.0,5.0,3.0,0.0
2023-05-12,26968.61,-1,11.0,1.0,9.0,1.0,0.0
2023-05-13,26795.01,-1,12.0,2.0,6.0,4.0,0.16666666666666666
2023-05-14,26775.27,-1,12.0,1.0,8.0,3.0,0.16666666666666666
2023-05-15,26917.61,-1,4.0,0.0,2.0,2.0,0.5
2023-05-16,27162.15,-1,12.0,0.0,5.0,7.0,0.5833333333333334
2023-05-17,27033.85,-1,10.0,1.0,8.0,1.0,0.0
2023-05-18,27405.62,-1,11.0,2.0,6.0,3.0,0.09090909090909091
2023-05-19,26821.28,-1,17.0,1.0,10.0,6.0,0.29411764705882354
2023-05-20,26880.26,-1,11.0,1.0,9.0,1.0,0.0
2023-05-21,27102.42,-1,12.0,2.0,6.0,4.0,0.16666666666666666
2023-05-22,26747.78,-1,8.0,0.0,4.0,4.0,0.5
2023-05-23,26849.28,1,15.0,0.0,11.0,4.0,0.26666666666666666
2023-05-24,27219.61,1,10.0,1.0,5.0,4.0,0.3
2023-05-25,26329.0,-1,21.0,2.0,8.0,11.0,0.42857142857142855
2023-05-26,26473.8,-1,19.0,1.0,10.0,8.0,0.3684210526315789
2023-05-27,26705.93,-1,12.0,0.0,7.0,5.0,0.4166666666666667
2023-05-28,26854.28,-1,15.0,0.0,10.0,5.0,0.3333333333333333
2023-05-29,28065.01,1,17.0,1.0,12.0,4.0,0.17647058823529413
2023-05-30,27736.39,1,9.0,0.0,8.0,1.0,0.1111111111111111
2023-05-31,27694.39,1,17.0,6.0,8.0,3.0,-0.17647058823529413
2023-06-01,27210.36,1,16.0,0.0,10.0,6.0,0.375
2023-06-02,26817.93,-1,20.0,0.0,14.0,6.0,0.3
2023-06-03,27242.59,1,16.0,1.0,10.0,5.0,0.25
2023-06-04,27069.22,1,21.0,1.0,11.0,9.0,0.38095238095238093
2023-06-05,27115.2,1,20.0,1.0,13.0,6.0,0.25
2023-06-06,25728.2,-1,19.0,1.0,10.0,8.0,0.3684210526315789
2023-06-07,27230.07,1,25.0,1.0,11.0,13.0,0.48
2023-06-08,26339.34,-1,18.0,1.0,14.0,3.0,0.1111111111111111
2023-06-09,26498.62,-1,12.0,0.0,7.0,5.0,0.4166666666666667
2023-06-10,26477.8,-1,32.0,2.0,20.0,10.0,0.25
2023-06-11,25841.22,-1,20.0,3.0,13.0,4.0,0.05
2023-06-12,25925.54,-1,18.0,0.0,11.0,7.0,0.3888888888888889
2023-06-13,25905.2,-1,24.0,1.0,17.0,6.0,0.20833333333333334
2023-06-14,25934.24,-1,16.0,1.0,12.0,3.0,0.125
2023-06-15,25128.6,-1,22.0,1.0,15.0,6.0,0.22727272727272727
2023-06-16,25598.49,-1,19.0,1.0,12.0,6.0,0.2631578947368421
2023-06-17,26345.01,-1,20.0,0.0,14.0,6.0,0.3
2023-06-18,26516.99,1,9.0,0.0,5.0,4.0,0.4444444444444444
2023-06-19,26339.98,-1,12.0,2.0,9.0,1.0,-0.08333333333333333
2023-06-20,26844.35,1,21.0,1.0,12.0,8.0,0.3333333333333333
2023-06-21,28308.0,1,33.0,2.0,20.0,11.0,0.2727272727272727
2023-06-22,29993.89,1,42.0,4.0,32.0,6.0,0.047619047619047616
2023-06-23,29884.92,1,30.0,3.0,17.0,10.0,0.23333333333333334
2023-06-24,30688.51,1,26.0,1.0,19.0,6.0,0.19230769230769232
2023-06-25,30527.44,1,24.0,2.0,9.0,13.0,0.4583333333333333
2023-06-26,30462.67,1,19.0,2.0,10.0,7.0,0.2631578947368421
2023-06-27,30267.99,1,20.0,1.0,10.0,9.0,0.4
2023-06-28,30692.44,1,29.0,3.0,20.0,6.0,0.10344827586206896
2023-06-29,30077.4,1,28.0,0.0,14.0,14.0,0.5
2023-06-30,30447.31,1,5.0,0.0,3.0,2.0,0.4
2023-07-01,30471.99,1,19.0,0.0,11.0,8.0,0.42105263157894735
2023-07-02,30585.9,1,8.0,0.0,4.0,4.0,0.5
2023-07-03,30617.02,1,19.0,4.0,7.0,8.0,0.21052631578947367
2023-07-04,31156.2,1,17.0,2.0,14.0,1.0,-0.058823529411764705
2023-07-05,30766.52,1,26.0,2.0,18.0,6.0,0.15384615384615385
2023-07-06,30504.8,1,30.0,3.0,19.0,8.0,0.16666666666666666
2023-07-07,29895.42,-1,11.0,1.0,8.0,2.0,0.09090909090909091
2023-07-08,30344.7,-1,13.0,0.0,12.0,1.0,0.07692307692307693
2023-07-09,30284.63,1,10.0,0.0,7.0,3.0,0.3
2023-07-10,30160.71,-1,22.0,0.0,17.0,5.0,0.22727272727272727
2023-07-11,30411.57,-1,19.0,0.0,14.0,5.0,0.2631578947368421
2023-07-12,30622.1,1,21.0,3.0,17.0,1.0,-0.09523809523809523
2023-07-13,30380.0,-1,10.0,0.0,9.0,1.0,0.1
2023-07-14,31454.23,1,21.0,3.0,10.0,8.0,0.23809523809523808
2023-07-15,30312.0,-1,10.0,0.0,5.0,5.0,0.5
2023-07-16,30289.52,-1,12.0,0.0,7.0,5.0,0.4166666666666667
2023-07-17,30232.0,1,18.0,1.0,16.0,1.0,0.0
2023-07-18,30138.01,-1,32.0,3.0,22.0,7.0,0.125
2023-07-19,29859.14,-1,24.0,1.0,15.0,8.0,0.2916666666666667
2023-07-20,29909.21,-1,15.0,0.0,6.0,9.0,0.6
2023-07-21,29800.0,-1,16.0,0.0,6.0,10.0,0.625
2023-07-22,29901.72,-1,17.0,2.0,10.0,5.0,0.17647058823529413
2023-07-23,29793.99,-1,10.0,0.0,3.0,7.0,0.7
2023-07-24,30083.75,-1,33.0,1.0,24.0,8.0,0.21212121212121213
2023-07-25,29176.5,-1,17.0,1.0,9.0,7.0,0.35294117647058826
2023-07-26,29228.91,-1,22.0,2.0,14.0,6.0,0.18181818181818182
2023-07-27,29351.95,-1,17.0,5.0,10.0,2.0,-0.17647058823529413
2023-07-28,29222.78,-1,13.0,0.0,12.0,1.0,0.07692307692307693
2023-07-29,29314.14,-1,9.0,0.0,6.0,3.0,0.3333333333333333
2023-07-30,29352.9,-1,12.0,0.0,8.0,4.0,0.3333333333333333
2023-07-31,29281.09,-1,17.0,5.0,7.0,5.0,0.0
2023-08-01,29232.26,-1,13.0,0.0,11.0,2.0,0.15384615384615385
2023-08-02,29705.99,-1,14.0,1.0,11.0,2.0,0.07142857142857142
2023-08-03,29186.0,-1,12.0,3.0,6.0,3.0,0.0
2023-08-04,29193.65,1,11.0,1.0,7.0,3.0,0.18181818181818182
2023-08-05,29114.0,-1,19.0,1.0,13.0,5.0,0.21052631578947367
2023-08-06,29072.13,-1,4.0,0.0,2.0,2.0,0.5
2023-08-07,29088.43,-1,11.0,0.0,6.0,5.0,0.45454545454545453
2023-08-08,29211.06,-1,19.0,0.0,13.0,6.0,0.3157894736842105
2023-08-09,29770.41,1,23.0,0.0,15.0,8.0,0.34782608695652173
2023-08-10,29581.99,1,15.0,1.0,9.0,5.0,0.26666666666666666
2023-08-11,29455.76,1,11.0,0.0,9.0,2.0,0.18181818181818182
2023-08-12,29426.02,-1,11.0,2.0,5.0,4.0,0.18181818181818182
2023-08-13,29430.18,1,6.0,0.0,5.0,1.0,0.16666666666666666
2023-08-14,29303.85,1,15.0,1.0,13.0,1.0,0.0
2023-08-15,29430.92,1,15.0,1.0,12.0,2.0,0.06666666666666667
2023-08-16,29200.01,1,21.0,0.0,14.0,7.0,0.3333333333333333
2023-08-17,28730.51,-1,20.0,0.0,16.0,4.0,0.2
2023-08-18,26623.41,-1,11.0,1.0,8.0,2.0,0.09090909090909091
2023-08-19,26054.0,-1,8.0,0.0,7.0,1.0,0.125
2023-08-20,26100.01,-1,13.0,0.0,7.0,6.0,0.46153846153846156
2023-08-21,26190.0,-1,18.0,1.0,13.0,4.0,0.16666666666666666
2023-08-22,26126.92,-1,6.0,1.0,4.0,1.0,0.0
2023-08-23,26055.99,-1,19.0,4.0,12.0,3.0,-0.05263157894736842
2023-08-24,26432.71,-1,23.0,2.0,15.0,6.0,0.17391304347826086
2023-08-25,26180.05,-1,9.0,1.0,7.0,1.0,0.0
2023-08-26,26060.0,-1,13.0,3.0,8.0,2.0,-0.07692307692307693
2023-08-27,26017.38,-1,9.0,0.0,7.0,2.0,0.2222222222222222
2023-08-28,26101.78,-1,23.0,0.0,18.0,5.0,0.21739130434782608
2023-08-29,26120.0,1,28.0,2.0,16.0,10.0,0.2857142857142857
2023-08-30,27716.34,1,19.0,0.0,12.0,7.0,0.3684210526315789
2023-08-31,27299.99,1,11.0,1.0,7.0,3.0,0.18181818181818182
2023-09-01,25940.77,-1,12.0,1.0,7.0,4.0,0.25
2023-09-02,25805.04,-1,17.0,1.0,9.0,7.0,0.35294117647058826
2023-09-03,25869.52,-1,14.0,0.0,11.0,3.0,0.21428571428571427
2023-09-04,25971.21,-1,17.0,1.0,11.0,5.0,0.23529411764705882
2023-09-05,25826.03,-1,17.0,2.0,11.0,4.0,0.11764705882352941
2023-09-06,25792.11,-1,19.0,1.0,11.0,7.0,0.3157894736842105
2023-09-07,25759.95,-1,17.0,1.0,11.0,5.0,0.23529411764705882
2023-09-08,26255.0,1,20.0,2.0,14.0,4.0,0.1
2023-09-09,25910.5,-1,4.0,0.0,3.0,1.0,0.25
2023-09-10,25901.6,-1,15.0,0.0,12.0,3.0,0.2
2023-09-11,25841.6,-1,17.0,4.0,11.0,2.0,-0.11764705882352941
2023-09-12,25162.53,-1,26.0,0.0,16.0,10.0,0.38461538461538464
2023-09-13,25840.1,-1,29.0,2.0,18.0,9.0,0.2413793103448276
2023-09-14,26222.0,1,34.0,1.0,23.0,10.0,0.2647058823529412
2023-09-15,26522.73,1,21.0,0.0,18.0,3.0,0.14285714285714285
2023-09-16,26599.99,1,22.0,1.0,16.0,5.0,0.18181818181818182
2023-09-17,26559.67,1,20.0,1.0,14.0,5.0,0.2
2023-09-18,26527.5,1,18.0,1.0,11.0,6.0,0.2777777777777778
2023-09-19,26762.5,1,17.0,2.0,9.0,6.0,0.23529411764705882
2023-09-20,27210.25,1,24.0,0.0,17.0,7.0,0.2916666666666667
2023-09-21,27125.01,1,23.0,2.0,11.0,10.0,0.34782608695652173
2023-09-22,26568.08,1,36.0,4.0,18.0,14.0,0.2777777777777778
2023-09-23,26580.14,1,12.0,1.0,7.0,4.0,0.25
2023-09-24,26575.97,1,14.0,2.0,8.0,4.0,0.14285714285714285
2023-09-25,26248.39,-1,13.0,2.0,8.0,3.0,0.07692307692307693
2023-09-26,26304.8,-1,22.0,0.0,16.0,6.0,0.2727272727272727
2023-09-27,26221.68,-1,20.0,2.0,10.0,8.0,0.3
2023-09-28,26373.0,-1,24.0,1.0,11.0,12.0,0.4583333333333333
2023-09-29,27021.39,1,19.0,1.0,11.0,7.0,0.3157894736842105
2023-09-30,26906.96,-1,3.0,0.0,3.0,0.0,0.0
2023-10-01,26962.57,-1,6.0,1.0,3.0,2.0,0.16666666666666666
2023-10-02,27992.58,1,13.0,1.0,9.0,3.0,0.15384615384615385
2023-10-03,27494.51,1,9.0,1.0,7.0,1.0,0.0
2023-10-04,27426.45,1,9.0,0.0,5.0,4.0,0.4444444444444444
2023-10-05,27778.57,1,5.0,1.0,2.0,2.0,0.2
2023-10-06,27410.39,1,8.0,1.0,5.0,2.0,0.125
2023-10-07,27931.1,1,4.0,1.0,3.0,0.0,-0.25
2023-10-08,27956.67,1,6.0,0.0,4.0,2.0,0.3333333333333333
2023-10-09,27917.06,1,18.0,1.0,11.0,6.0,0.2777777777777778
2023-10-10,27590.12,1,12.0,0.0,9.0,3.0,0.25
2023-10-11,27390.12,1,14.0,1.0,7.0,6.0,0.35714285714285715
2023-10-12,26875.52,-1,14.0,2.0,7.0,5.0,0.21428571428571427
2023-10-13,26759.63,-1,9.0,1.0,5.0,3.0,0.2222222222222222
2023-10-14,26862.0,-1,2.0,1.0,0.0,1.0,0.0
2023-10-15,26852.48,-1,8.0,0.0,6.0,2.0,0.25
2023-10-16,27154.14,-1,29.0,1.0,15.0,13.0,0.41379310344827586
2023-10-17,28500.77,1,7.0,1.0,4.0,2.0,0.14285714285714285
2023-10-18,28395.91,1,17.0,1.0,9.0,7.0,0.35294117647058826
2023-10-19,28320.0,1,17.0,1.0,13.0,3.0,0.11764705882352941
2023-10-20,28713.71,1,15.0,2.0,10.0,3.0,0.06666666666666667
2023-10-21,29669.05,1,12.0,2.0,6.0,4.0,0.16666666666666666
2023-10-22,29909.8,1,8.0,0.0,4.0,4.0,0.5
2023-10-23,29992.46,1,37.0,3.0,22.0,12.0,0.24324324324324326
2023-10-24,33069.99,1,50.0,4.0,26.0,20.0,0.32
2023-10-25,33922.73,1,35.0,5.0,19.0,11.0,0.17142857142857143
2023-10-26,34496.05,1,27.0,1.0,16.0,10.0,0.3333333333333333
2023-10-27,34151.66,1,27.0,2.0,16.0,9.0,0.25925925925925924
2023-10-28,33892.01,1,11.0,1.0,5.0,5.0,0.36363636363636365
2023-10-29,34081.01,1,8.0,1.0,7.0,0.0,-0.125
2023-10-30,34525.88,1,28.0,2.0,19.0,7.0,0.17857142857142858
2023-10-31,34474.74,1,26.0,1.0,16.0,9.0,0.3076923076923077
2023-11-01,34639.78,1,26.0,3.0,17.0,6.0,0.11538461538461539
2023-11-02,35421.43,1,15.0,3.0,8.0,4.0,0.06666666666666667
2023-11-03,34941.58,1,18.0,2.0,10.0,6.0,0.2222222222222222
2023-11-04,34716.78,1,19.0,0.0,6.0,13.0,0.6842105263157895
2023-11-05,35062.06,1,14.0,1.0,8.0,5.0,0.2857142857142857
2023-11-06,35011.89,1,12.0,0.0,11.0,1.0,0.08333333333333333
2023-11-07,35046.09,1,19.0,0.0,14.0,5.0,0.2631578947368421
2023-11-08,35399.13,1,21.0,1.0,10.0,10.0,0.42857142857142855
2023-11-09,35624.72,1,27.0,3.0,10.0,14.0,0.4074074074074074
2023-11-10,36701.1,1,15.0,0.0,9.0,6.0,0.4
2023-11-11,37301.63,1,7.0,1.0,3.0,3.0,0.2857142857142857
2023-11-12,37129.99,1,14.0,0.0,11.0,3.0,0.21428571428571427
2023-11-13,37064.13,1,22.0,0.0,14.0,8.0,0.36363636363636365
2023-11-14,36462.93,1,14.0,0.0,10.0,4.0,0.2857142857142857
2023-11-15,35551.2,1,16.0,0.0,8.0,8.0,0.5
2023-11-16,37858.2,1,11.0,1.0,7.0,3.0,0.18181818181818182
2023-11-17,36163.51,1,8.0,0.0,3.0,5.0,0.625
2023-11-18,36613.91,1,6.0,0.0,3.0,3.0,0.5
2023-11-19,36568.11,1,20.0,0.0,13.0,7.0,0.35
2023-11-20,37359.85,1,28.0,3.0,9.0,16.0,0.4642857142857143
2023-11-21,37448.79,1,24.0,2.0,18.0,4.0,0.08333333333333333
2023-11-22,35741.65,-1,14.0,1.0,10.0,3.0,0.14285714285714285
2023-11-23,37408.35,1,18.0,1.0,10.0,7.0,0.3333333333333333
2023-11-24,37294.27,1,24.0,2.0,17.0,5.0,0.125
2023-11-25,37713.57,1,10.0,1.0,5.0,4.0,0.3
2023-11-26,37780.67,-1,8.0,0.0,5.0,3.0,0.375
2023-11-27,37447.42,1,5.0,0.0,3.0,2.0,0.4
2023-11-28,37242.7,1,28.0,3.0,17.0,8.0,0.17857142857142858
2023-11-29,37818.88,1,33.0,0.0,17.0,16.0,0.48484848484848486
2023-11-30,37854.65,1,35.0,2.0,23.0,10.0,0.22857142857142856
2023-12-01,37723.97,1,35.0,1.0,25.0,9.0,0.22857142857142856
2023-12-02,38682.51,1,27.0,2.0,17.0,8.0,0.2222222222222222
2023-12-03,39450.35,1,28.0,0.0,21.0,7.0,0.25
2023-12-04,39972.26,1,101.0,3.0,60.0,38.0,0.3465346534653465
2023-12-05,41991.1,1,74.0,4.0,32.0,38.0,0.4594594594594595
2023-12-06,44073.82,1,53.0,5.0,33.0,15.0,0.18867924528301888
2023-12-07,43762.69,1,37.0,1.0,23.0,13.0,0.32432432432432434
2023-12-08,43273.15,1,42.0,2.0,28.0,12.0,0.23809523809523808
2023-12-09,44171.0,1,34.0,3.0,21.0,10.0,0.20588235294117646
2023-12-10,43713.59,1,18.0,0.0,9.0,9.0,0.5
2023-12-11,43789.5,1,42.0,2.0,24.0,16.0,0.3333333333333333
2023-12-12,41253.41,1,28.0,2.0,13.0,13.0,0.39285714285714285
2023-12-13,41492.38,1,52.0,5.0,17.0,30.0,0.4807692307692308
2023-12-14,42869.03,1,29.0,1.0,17.0,11.0,0.3448275862068966
2023-12-15,43022.26,1,16.0,0.0,12.0,4.0,0.25
2023-12-16,41940.29,-1,25.0,2.0,11.0,12.0,0.4
2023-12-17,42278.02,-1,35.0,3.0,21.0,11.0,0.22857142857142856
2023-12-18,41374.64,-1,63.0,3.0,36.0,24.0,0.3333333333333333
2023-12-19,42657.8,-1,46.0,0.0,25.0,21.0,0.45652173913043476
2023-12-20,42275.99,-1,56.0,2.0,31.0,23.0,0.375
2023-12-21,43668.92,-1,48.0,1.0,29.0,18.0,0.3541666666666667
2023-12-22,43861.79,1,53.0,0.0,33.0,20.0,0.37735849056603776
2023-12-23,43969.04,1,56.0,2.0,32.0,22.0,0.35714285714285715
2023-12-24,43702.15,1,32.0,1.0,21.0,10.0,0.28125
2023-12-25,42991.5,-1,25.0,1.0,13.0,11.0,0.4
2023-12-26,43576.12,1,26.0,0.0,17.0,9.0,0.34615384615384615
2023-12-27,42508.93,1,59.0,2.0,34.0,23.0,0.3559322033898305
2023-12-28,43428.86,1,55.0,1.0,27.0,27.0,0.4727272727272727
2023-12-29,42563.76,-1,69.0,2.0,34.0,33.0,0.4492753623188406
2023-12-30,42066.94,-1,73.0,1.0,36.0,36.0,0.4794520547945205
2023-12-31,42140.29,-1,,,,,
2024-01-01,42283.58,-1,11.0,0.0,7.0,4.0,0.36363636363636365
2024-01-02,44179.55,1,18.0,6.0,9.0,3.0,-0.16666666666666666
2024-01-03,44946.91,1,14.0,0.0,3.0,11.0,0.7857142857142857
2024-01-04,42845.23,-1,11.0,5.0,3.0,3.0,-0.18181818181818182
2024-01-05,44151.1,1,16.0,0.0,8.0,8.0,0.5
2024-01-06,44145.12,1,9.0,0.0,3.0,6.0,0.6666666666666666
2024-01-07,43968.32,1,9.0,0.0,2.0,7.0,0.7777777777777778
2024-01-08,43929.01,1,11.0,2.0,4.0,5.0,0.2727272727272727
2024-01-09,46951.04,1,13.0,4.0,4.0,5.0,0.07692307692307693
2024-01-10,46110.0,1,30.0,5.0,14.0,11.0,0.2
2024-01-11,46654.0,1,34.0,0.0,15.0,19.0,0.5588235294117647
2024-01-12,46339.16,1,16.0,0.0,9.0,7.0,0.4375
2024-01-13,42782.74,-1,11.0,0.0,8.0,3.0,0.2727272727272727
2024-01-14,42847.99,1,22.0,2.0,15.0,5.0,0.13636363636363635
2024-01-15,41732.35,-1,11.0,2.0,8.0,1.0,-0.09090909090909091
2024-01-16,42511.1,-1,19.0,1.0,13.0,5.0,0.21052631578947367
2024-01-17,43137.94,-1,21.0,2.0,9.0,10.0,0.38095238095238093
2024-01-18,42776.09,-1,12.0,4.0,4.0,4.0,0.0
2024-01-19,41327.51,-1,17.0,4.0,10.0,3.0,-0.058823529411764705
2024-01-20,41659.03,-1,5.0,0.0,5.0,0.0,0.0
2024-01-21,41696.05,-1,9.0,0.0,2.0,7.0,0.7777777777777778
2024-01-22,41580.32,-1,15.0,2.0,11.0,2.0,0.0
2024-01-23,39568.02,-1,23.0,4.0,15.0,4.0,0.0
2024-01-24,39897.59,-1,24.0,1.0,11.0,12.0,0.4583333333333333
2024-01-25,40084.89,-1,15.0,1.0,9.0,5.0,0.26666666666666666
2024-01-26,39961.09,-1,11.0,2.0,7.0,2.0,0.0
2024-01-27,41823.51,-1,2.0,0.0,0.0,2.0,1.0
2024-01-28,42120.63,-1,11.0,1.0,7.0,3.0,0.18181818181818182
2024-01-29,42031.05,1,4.0,1.0,3.0,0.0,-0.25
2024-01-30,43302.71,1,16.0,2.0,11.0,3.0,0.0625
2024-01-31,42941.1,1,9.0,1.0,5.0,3.0,0.2222222222222222
2024-02-01,42580.0,1,12.0,0.0,7.0,5.0,0.4166666666666667
2024-02-02,43082.95,1,14.0,1.0,11.0,2.0,0.07142857142857142
2024-02-03,43199.99,1,6.0,0.0,6.0,0.0,0.0
2024-02-04,43011.1,1,3.0,0.0,0.0,3.0,1.0
2024-02-05,42582.88,1,15.0,1.0,12.0,2.0,0.06666666666666667
2024-02-06,42708.7,1,13.0,1.0,8.0,4.0,0.23076923076923078
2024-02-07,43098.96,1,7.0,0.0,5.0,2.0,0.2857142857142857
2024-02-08,44349.6,1,9.0,2.0,3.0,4.0,0.2222222222222222
2024-02-09,45288.66,1,23.0,1.0,16.0,6.0,0.21739130434782608
2024-02-10,47132.78,1,10.0,0.0,7.0,3.0,0.3
2024-02-11,47751.08,1,9.0,0.0,5.0,4.0,0.4444444444444444
2024-02-12,48300.0,1,23.0,0.0,12.0,11.0,0.4782608695652174
2024-02-13,49917.28,1,17.0,0.0,12.0,5.0,0.29411764705882354
2024-02-14,49699.6,1,36.0,0.0,21.0,15.0,0.4166666666666667
2024-02-15,51795.17,1,20.0,0.0,15.0,5.0,0.25
2024-02-16,51880.01,1,21.0,2.0,10.0,9.0,0.3333333333333333
2024-02-17,52124.1,1,5.0,1.0,4.0,0.0,-0.2
2024-02-18,51642.64,1,12.0,1.0,9.0,2.0,0.08333333333333333
2024-02-19,52137.68,1,25.0,1.0,14.0,10.0,0.36
2024-02-20,51774.74,1,26.0,0.0,13.0,13.0,0.5
2024-02-21,52258.82,1,13.0,0.0,7.0,6.0,0.46153846153846156
2024-02-22,51849.38,1,18.0,1.0,9.0,8.0,0.3888888888888889
2024-02-23,51288.42,1,25.0,0.0,19.0,6.0,0.24
2024-02-24,50744.15,1,14.0,2.0,6.0,6.0,0.2857142857142857
2024-02-25,51568.21,-1,8.0,1.0,6.0,1.0,0.0
2024-02-26,51728.85,-1,12.0,1.0,6.0,5.0,0.3333333333333333
2024-02-27,54476.48,1,30.0,1.0,18.0,11.0,0.3333333333333333
2024-02-28,57037.35,1,44.0,3.0,29.0,12.0,0.20454545454545456
2024-02-29,62432.11,1,26.0,1.0,15.0,10.0,0.34615384615384615
2024-03-01,61130.99,1,26.0,1.0,16.0,9.0,0.3076923076923077
2024-03-02,62387.9,1,9.0,1.0,3.0,5.0,0.4444444444444444
2024-03-03,61987.28,1,13.0,0.0,6.0,7.0,0.5384615384615384
2024-03-04,63113.97,1,41.0,2.0,18.0,21.0,0.4634146341463415
2024-03-05,68245.71,1,35.0,1.0,22.0,12.0,0.3142857142857143
2024-03-06,63724.01,1,30.0,3.0,18.0,9.0,0.2
2024-03-07,66074.04,1,13.0,0.0,6.0,7.0,0.5384615384615384
2024-03-08,66823.18,1,22.0,1.0,12.0,9.0,0.36363636363636365
2024-03-09,68124.2,1,12.0,2.0,6.0,4.0,0.16666666666666666
2024-03-10,68313.28,1,22.0,1.0,8.0,13.0,0.5454545454545454
2024-03-11,68955.88,1,59.0,2.0,27.0,30.0,0.4745762711864407
2024-03-12,72078.1,1,34.0,3.0,23.0,8.0,0.14705882352941177
2024-03-13,71452.0,1,36.0,4.0,19.0,13.0,0.25
2024-03-14,73072.4,1,30.0,3.0,18.0,9.0,0.2
2024-03-15,71388.94,1,25.0,1.0,18.0,6.0,0.2
2024-03-16,69499.84,1,14.0,1.0,8.0,5.0,0.2857142857142857
2024-03-17,65300.64,-1,8.0,0.0,8.0,0.0,0.0
2024-03-18,68393.47,1,19.0,2.0,9.0,8.0,0.3157894736842105
2024-03-19,67610.0,-1,33.0,5.0,18.0,10.0,0.15151515151515152
2024-03-20,61937.41,-1,16.0,1.0,10.0,5.0,0.25
2024-03-21,67840.51,-1,48.0,8.0,26.0,14.0,0.125
2024-03-22,65501.28,-1,22.0,1.0,11.0,10.0,0.4090909090909091
2024-03-23,63796.64,-1,11.0,1.0,6.0,4.0,0.2727272727272727
2024-03-24,63990.02,-1,16.0,2.0,9.0,5.0,0.1875
2024-03-25,67210.0,-1,14.0,1.0,11.0,2.0,0.07142857142857142
2024-03-26,69880.0,1,14.0,0.0,10.0,4.0,0.2857142857142857
2024-03-27,69987.99,1,32.0,0.0,24.0,8.0,0.25
2024-03-28,69469.99,1,35.0,2.0,22.0,11.0,0.2571428571428571
2024-03-29,70780.6,1,33.0,3.0,19.0,11.0,0.24242424242424243
2024-03-30,69850.53,1,17.0,2.0,5.0,10.0,0.47058823529411764
2024-03-31,69582.17,1,8.0,2.0,4.0,2.0,0.0
2024-04-01,71280.0,1,19.0,1.0,10.0,8.0,0.3684210526315789
2024-04-02,69649.81,1,13.0,0.0,5.0,8.0,0.6153846153846154
2024-04-03,65463.99,1,16.0,1.0,4.0,11.0,0.625
2024-04-04,65963.27,-1,12.0,0.0,5.0,7.0,0.5833333333333334
2024-04-05,68487.8,-1,19.0,1.0,8.0,10.0,0.47368421052631576
2024-04-06,67820.63,-1,13.0,1.0,5.0,7.0,0.46153846153846156
2024-04-07,68896.0,-1,13.0,1.0,9.0,3.0,0.15384615384615385
2024-04-08,69360.38,-1,11.0,2.0,7.0,2.0,0.0
2024-04-09,71620.0,1,19.0,5.0,9.0,5.0,0.0
2024-04-10,69146.0,-1,30.0,4.0,16.0,10.0,0.2
2024-04-11,70631.08,-1,19.0,2.0,11.0,6.0,0.21052631578947367
2024-04-12,70006.22,1,21.0,1.0,15.0,5.0,0.19047619047619047
2024-04-13,67116.52,1,10.0,0.0,5.0,5.0,0.5
2024-04-14,63924.52,-1,12.0,0.0,5.0,7.0,0.5833333333333334
2024-04-15,65661.85,-1,16.0,0.0,9.0,7.0,0.4375
2024-04-16,63419.99,-1,17.0,0.0,11.0,6.0,0.35294117647058826
2024-04-17,63793.4,-1,17.0,1.0,8.0,8.0,0.4117647058823529
2024-04-18,61277.38,-1,11.0,0.0,7.0,4.0,0.36363636363636365
2024-04-19,63470.09,-1,18.0,3.0,9.0,6.0,0.16666666666666666
2024-04-20,63818.01,-1,20.0,1.0,12.0,7.0,0.3
2024-04-21,64940.58,-1,12.0,2.0,5.0,5.0,0.25
2024-04-22,64941.15,-1,12.0,1.0,8.0,3.0,0.16666666666666666
2024-04-23,66819.32,-1,6.0,0.0,3.0,3.0,0.5
2024-04-24,66414.0,1,21.0,0.0,16.0,5.0,0.23809523809523808
2024-04-25,64289.58,-1,12.0,1.0,9.0,2.0,0.08333333333333333
2024-04-26,64498.33,1,15.0,1.0,10.0,4.0,0.2
2024-04-27,63770.0,-1,4.0,0.0,3.0,1.0,0.25
2024-04-28,63461.98,1,12.0,0.0,10.0,2.0,0.16666666666666666
2024-04-29,63118.62,-1,23.0,3.0,16.0,4.0,0.043478260869565216
2024-04-30,63866.0,1,13.0,2.0,9.0,2.0,0.0
2024-05-01,60672.01,-1,20.0,4.0,11.0,5.0,0.05
2024-05-02,58364.97,-1,27.0,0.0,11.0,16.0,0.5925925925925926
2024-05-03,59060.6,-1,14.0,1.0,10.0,3.0,0.14285714285714285
2024-05-04,62882.01,-1,13.0,0.0,9.0,4.0,0.3076923076923077
2024-05-05,63892.03,-1,12.0,1.0,6.0,5.0,0.3333333333333333
2024-05-06,64012.0,-1,11.0,0.0,8.0,3.0,0.2727272727272727
2024-05-07,63165.18,-1,10.0,0.0,4.0,6.0,0.6
2024-05-08,62312.07,-1,7.0,0.0,2.0,5.0,0.7142857142857143
2024-05-09,61193.03,-1,14.0,3.0,8.0,3.0,0.0
2024-05-10,63074.0,-1,10.0,2.0,5.0,3.0,0.1
2024-05-11,60799.99,1,14.0,0.0,10.0,4.0,0.2857142857142857
2024-05-12,60825.99,1,7.0,0.0,5.0,2.0,0.2857142857142857
2024-05-13,61484.0,1,14.0,0.0,12.0,2.0,0.14285714285714285
2024-05-14,62940.09,1,12.0,0.0,8.0,4.0,0.3333333333333333
2024-05-15,61577.49,-1,12.0,1.0,8.0,3.0,0.16666666666666666
2024-05-16,66206.51,1,20.0,0.0,11.0,9.0,0.45
2024-05-17,65235.21,1,7.0,1.0,4.0,2.0,0.14285714285714285
2024-05-18,67024.0,1,9.0,0.0,7.0,2.0,0.2222222222222222
2024-05-19,66915.2,1,3.0,0.0,2.0,1.0,0.3333333333333333
2024-05-20,66274.0,1,21.0,0.0,10.0,11.0,0.5238095238095238
2024-05-21,71446.62,1,24.0,0.0,12.0,12.0,0.5
2024-05-22,70148.34,1,33.0,0.0,18.0,15.0,0.45454545454545453
2024-05-23,69166.62,1,22.0,0.0,12.0,10.0,0.45454545454545453
2024-05-24,67969.66,1,4.0,1.0,2.0,1.0,0.0
2024-05-25,68549.99,1,7.0,0.0,3.0,4.0,0.5714285714285714
2024-05-26,69290.56,1,22.0,2.0,8.0,12.0,0.45454545454545453
2024-05-27,68507.67,1,13.0,2.0,7.0,4.0,0.15384615384615385
2024-05-28,69436.43,1,18.0,0.0,13.0,5.0,0.2777777777777778
2024-05-29,68398.4,1,12.0,1.0,8.0,3.0,0.16666666666666666
2024-05-30,67652.41,1,8.0,0.0,5.0,3.0,0.375
2024-05-31,68352.17,-1,13.0,1.0,8.0,4.0,0.23076923076923078
2024-06-01,67540.01,-1,6.0,2.0,4.0,0.0,-0.3333333333333333
2024-06-02,67766.84,-1,18.0,1.0,14.0,3.0,0.1111111111111111
2024-06-03,67765.62,-1,15.0,0.0,11.0,4.0,0.26666666666666666
2024-06-04,68809.89,1,13.0,1.0,9.0,3.0,0.15384615384615385
2024-06-05,70537.83,1,17.0,0.0,13.0,4.0,0.23529411764705882
2024-06-06,71108.0,1,13.0,0.0,8.0,5.0,0.38461538461538464
2024-06-07,70799.06,1,14.0,1.0,8.0,5.0,0.2857142857142857
2024-06-08,69355.6,1,10.0,1.0,6.0,3.0,0.2
2024-06-09,69310.46,1,13.0,0.0,10.0,3.0,0.23076923076923078
2024-06-10,69648.15,1,10.0,0.0,6.0,4.0,0.4
2024-06-11,69540.0,1,18.0,0.0,12.0,6.0,0.3333333333333333
2024-06-12,67314.23,-1,17.0,0.0,11.0,6.0,0.35294117647058826
2024-06-13,68263.98,1,13.0,0.0,9.0,4.0,0.3076923076923077
2024-06-14,66773.01,-1,16.0,1.0,9.0,6.0,0.3125
2024-06-15,66043.99,-1,6.0,0.0,4.0,2.0,0.3333333333333333
2024-06-16,66228.25,-1,5.0,0.0,2.0,3.0,0.6
2024-06-17,66676.86,-1,16.0,3.0,9.0,4.0,0.0625
2024-06-18,66504.33,-1,9.0,4.0,4.0,1.0,-0.3333333333333333
2024-06-19,65175.32,-1,15.0,3.0,7.0,5.0,0.13333333333333333
2024-06-20,64974.37,-1,15.0,0.0,9.0,6.0,0.4
2024-06-21,64869.99,-1,11.0,0.0,5.0,6.0,0.5454545454545454
2024-06-22,64143.56,-1,11.0,1.0,8.0,2.0,0.09090909090909091
2024-06-23,64262.01,-1,11.0,0.0,7.0,4.0,0.36363636363636365
2024-06-24,63210.01,-1,13.0,2.0,7.0,4.0,0.15384615384615385
2024-06-25,60293.3,-1,18.0,1.0,13.0,4.0,0.16666666666666666
2024-06-26,61806.01,-1,14.0,0.0,11.0,3.0,0.21428571428571427
2024-06-27,60864.98,-1,14.0,0.0,9.0,5.0,0.35714285714285715
2024-06-28,61706.46,-1,14.0,2.0,7.0,5.0,0.21428571428571427
2024-06-29,60427.84,-1,9.0,0.0,4.0,5.0,0.5555555555555556
2024-06-30,60986.68,-1,1.0,0.0,1.0,0.0,0.0
2024-07-01,62772.01,-1,10.0,0.0,4.0,6.0,0.6
2024-07-02,62900.0,-1,8.0,0.0,6.0,2.0,0.25
2024-07-03,62135.46,-1,8.0,0.0,6.0,2.0,0.25
2024-07-04,60208.57,-1,5.0,0.0,3.0,2.0,0.4
2024-07-05,57050.02,-1,9.0,0.0,4.0,5.0,0.5555555555555556
2024-07-06,56628.79,-1,6.0,2.0,4.0,0.0,-0.3333333333333333
2024-07-07,58230.13,-1,6.0,1.0,3.0,2.0,0.16666666666666666
2024-07-08,55857.81,-1,16.0,2.0,9.0,5.0,0.1875
2024-07-09,56714.61,-1,5.0,0.0,5.0,0.0,0.0
2024-07-10,58050.0,-1,9.0,0.0,5.0,4.0,0.4444444444444444
2024-07-11,57725.85,-1,6.0,0.0,4.0,2.0,0.3333333333333333
2024-07-12,57339.89,-1,7.0,1.0,4.0,2.0,0.14285714285714285
2024-07-13,57889.09,-1,15.0,0.0,8.0,7.0,0.4666666666666667
2024-07-14,59204.01,-1,4.0,1.0,1.0,2.0,0.25
2024-07-15,60797.91,1,8.0,1.0,6.0,1.0,0.0
2024-07-16,64724.06,1,9.0,1.0,7.0,1.0,0.0
2024-07-17,65044.0,1,17.0,1.0,12.0,4.0,0.17647058823529413
2024-07-18,64087.99,1,14.0,1.0,7.0,6.0,0.35714285714285715
2024-07-19,63987.92,1,8.0,1.0,6.0,1.0,0.0
2024-07-20,66660.01,1,2.0,0.0,0.0,2.0,1.0
2024-07-21,67139.97,1,9.0,0.0,4.0,5.0,0.5555555555555556
2024-07-22,68165.35,1,8.0,1.0,6.0,1.0,0.0
2024-07-23,67532.0,1,25.0,3.0,17.0,5.0,0.08
2024-07-24,65936.0,1,12.0,2.0,6.0,4.0,0.16666666666666666
2024-07-25,65376.01,1,13.0,1.0,7.0,5.0,0.3076923076923077
2024-07-26,65799.95,1,15.0,0.0,8.0,7.0,0.4666666666666667
2024-07-27,67908.0,1,24.0,0.0,13.0,11.0,0.4583333333333333
2024-07-28,67896.49,1,19.0,0.0,9.0,10.0,0.5263157894736842
2024-07-29,68249.88,1,26.0,2.0,13.0,11.0,0.34615384615384615
2024-07-30,66784.68,1,15.0,2.0,9.0,4.0,0.13333333333333333
2024-07-31,66188.0,-1,16.0,0.0,14.0,2.0,0.125
2024-08-01,64628.01,-1,25.0,0.0,12.0,13.0,0.52
2024-08-02,65354.02,-1,11.0,0.0,10.0,1.0,0.09090909090909091
2024-08-03,61498.34,-1,10.0,1.0,4.0,5.0,0.4
2024-08-04,60697.99,-1,8.0,0.0,5.0,3.0,0.375
2024-08-05,58161.0,-1,36.0,4.0,26.0,6.0,0.05555555555555555
2024-08-06,54018.82,-1,25.0,0.0,17.0,8.0,0.32
2024-08-07,56022.0,-1,22.0,1.0,11.0,10.0,0.4090909090909091
2024-08-08,55133.76,-1,13.0,1.0,6.0,6.0,0.38461538461538464
2024-08-09,61686.0,-1,14.0,1.0,8.0,5.0,0.2857142857142857
2024-08-10,60837.99,-1,10.0,3.0,5.0,2.0,-0.1
2024-08-11,60923.51,-1,1.0,0.0,1.0,0.0,0.0
2024-08-12,58712.59,-1,13.0,0.0,9.0,4.0,0.3076923076923077
2024-08-13,59346.64,-1,8.0,1.0,5.0,2.0,0.125
2024-08-14,60587.16,-1,7.0,1.0,2.0,4.0,0.42857142857142855
2024-08-15,58683.39,1,15.0,4.0,9.0,2.0,-0.13333333333333333
2024-08-16,57541.05,1,12.0,1.0,8.0,3.0,0.16666666666666666
2024-08-17,58874.59,1,7.0,0.0,3.0,4.0,0.5714285714285714
2024-08-18,59491.99,1,8.0,1.0,2.0,5.0,0.5
2024-08-19,58427.35,-1,11.0,0.0,7.0,4.0,0.36363636363636365
2024-08-20,59438.5,-1,11.0,1.0,6.0,4.0,0.2727272727272727
2024-08-21,59013.8,-1,13.0,1.0,8.0,4.0,0.23076923076923078
2024-08-22,61156.03,1,17.0,1.0,13.0,3.0,0.11764705882352941
2024-08-23,60375.83,1,15.0,0.0,11.0,4.0,0.26666666666666666
2024-08-24,64037.24,1,7.0,1.0,3.0,3.0,0.2857142857142857
2024-08-25,64157.02,1,11.0,0.0,6.0,5.0,0.45454545454545453
2024-08-26,64219.99,1,30.0,1.0,23.0,6.0,0.16666666666666666
2024-08-27,62834.0,1,11.0,0.0,8.0,3.0,0.2727272727272727
2024-08-28,59415.0,-1,14.0,0.0,10.0,4.0,0.2857142857142857
2024-08-29,59034.9,1,6.0,1.0,4.0,1.0,0.0
2024-08-30,59359.0,-1,11.0,0.0,8.0,3.0,0.2727272727272727
2024-08-31,59123.99,1,14.0,0.0,7.0,7.0,0.5
2024-09-01,58974.0,-1,5.0,0.0,3.0,2.0,0.4
2024-09-02,57301.77,-1,6.0,1.0,4.0,1.0,0.0
2024-09-03,59132.12,-1,7.0,1.0,3.0,3.0,0.2857142857142857
2024-09-04,57487.74,-1,16.0,2.0,9.0,5.0,0.1875
2024-09-05,57970.9,-1,21.0,0.0,11.0,10.0,0.47619047619047616
2024-09-06,56180.0,-1,13.0,1.0,7.0,5.0,0.3076923076923077
2024-09-07,53962.97,-1,5.0,0.0,1.0,4.0,0.8
2024-09-08,54160.86,-1,7.0,2.0,4.0,1.0,-0.14285714285714285
2024-09-09,54869.95,-1,9.0,3.0,5.0,1.0,-0.2222222222222222
2024-09-10,57042.01,-1,13.0,1.0,10.0,2.0,0.07692307692307693
2024-09-11,57635.99,-1,7.0,3.0,1.0,3.0,0.0
2024-09-12,57338.0,1,18.0,4.0,8.0,6.0,0.1111111111111111
2024-09-13,58132.31,-1,19.0,0.0,16.0,3.0,0.15789473684210525
2024-09-14,60497.99,1,9.0,1.0,3.0,5.0,0.4444444444444444
2024-09-15,59993.02,1,4.0,0.0,1.0,3.0,0.75
2024-09-16,59132.0,1,22.0,3.0,16.0,3.0,0.0
2024-09-17,58213.99,1,12.0,1.0,6.0,5.0,0.3333333333333333
2024-09-18,60313.99,1,16.0,2.0,9.0,5.0,0.1875
2024-09-19,61759.98,1,14.0,1.0,10.0,3.0,0.14285714285714285
2024-09-20,62948.0,1,29.0,3.0,12.0,14.0,0.3793103448275862
2024-09-21,63201.05,1,22.0,0.0,8.0,14.0,0.6363636363636364
2024-09-22,63348.97,1,5.0,0.0,3.0,2.0,0.4
2024-09-23,63578.76,1,16.0,2.0,8.0,6.0,0.25
2024-09-24,63339.99,1,30.0,1.0,18.0,11.0,0.3333333333333333
2024-09-25,64262.7,1,27.0,0.0,13.0,14.0,0.5185185185185185
2024-09-26,63152.01,1,13.0,0.0,8.0,5.0,0.38461538461538464
2024-09-27,65173.99,1,18.0,0.0,13.0,5.0,0.2777777777777778
2024-09-28,65769.95,1,19.0,0.0,4.0,15.0,0.7894736842105263
2024-09-29,65858.0,1,14.0,1.0,9.0,4.0,0.21428571428571427
2024-09-30,65602.01,1,7.0,1.0,3.0,3.0,0.2857142857142857
2024-10-01,63327.6,1,17.0,4.0,9.0,4.0,0.0
2024-10-02,60804.92,-1,13.0,0.0,9.0,4.0,0.3076923076923077
2024-10-03,60649.27,-1,16.0,2.0,9.0,5.0,0.1875
2024-10-04,60752.72,-1,11.0,0.0,4.0,7.0,0.6363636363636364
2024-10-05,62086.0,-1,10.0,0.0,4.0,6.0,0.6
2024-10-06,62058.01,-1,8.0,1.0,5.0,2.0,0.125
2024-10-07,62819.91,-1,16.0,0.0,11.0,5.0,0.3125
2024-10-08,62224.01,-1,12.0,0.0,8.0,4.0,0.3333333333333333
2024-10-09,62160.5,-1,12.0,1.0,9.0,2.0,0.08333333333333333
2024-10-10,60636.01,-1,12.0,0.0,9.0,3.0,0.25
2024-10-11,60326.4,-1,11.0,2.0,8.0,1.0,-0.09090909090909091
2024-10-12,62539.99,1,4.0,1.0,2.0,1.0,0.0
2024-10-13,63206.23,1,8.0,1.0,4.0,3.0,0.25
2024-10-14,62870.02,1,13.0,1.0,8.0,4.0,0.23076923076923078
2024-10-15,66084.0,1,16.0,2.0,9.0,5.0,0.1875
2024-10-16,67074.14,1,6.0,0.0,4.0,2.0,0.3333333333333333
2024-10-17,67620.0,1,12.0,1.0,8.0,3.0,0.16666666666666666
2024-10-18,67421.78,1,14.0,1.0,8.0,5.0,0.2857142857142857
2024-10-19,68427.99,1,18.0,1.0,9.0,8.0,0.3888888888888889
2024-10-20,68377.99,1,11.0,0.0,5.0,6.0,0.5454545454545454
2024-10-21,69032.0,1,25.0,1.0,9.0,15.0,0.56
2024-10-22,67377.5,1,10.0,0.0,7.0,3.0,0.3
2024-10-23,67426.01,1,11.0,0.0,7.0,4.0,0.36363636363636365
2024-10-24,66668.65,1,11.0,0.0,7.0,4.0,0.36363636363636365
2024-10-25,68198.27,1,16.0,0.0,9.0,7.0,0.4375
2024-10-26,66698.32,-1,7.0,0.0,3.0,4.0,0.5714285714285714
2024-10-27,67092.76,-1,11.0,1.0,8.0,2.0,0.09090909090909091
2024-10-28,68021.69,1,13.0,1.0,10.0,2.0,0.07692307692307693
2024-10-29,69962.21,1,39.0,2.0,21.0,16.0,0.358974358974359
2024-10-30,72736.41,1,17.0,1.0,7.0,9.0,0.47058823529411764
2024-10-31,72344.75,1,18.0,1.0,14.0,3.0,0.1111111111111111
2024-11-01,70292.01,1,14.0,1.0,7.0,6.0,0.35714285714285715
2024-11-02,69496.0,1,2.0,0.0,2.0,0.0,0.0
2024-11-03,69374.74,1,10.0,0.0,5.0,5.0,0.5
2024-11-04,68775.99,1,13.0,1.0,8.0,4.0,0.23076923076923078
2024-11-05,67850.01,1,26.0,1.0,14.0,11.0,0.38461538461538464
2024-11-06,69372.01,1,48.0,2.0,28.0,18.0,0.3333333333333333
2024-11-07,75571.99,1,13.0,3.0,8.0,2.0,-0.07692307692307693
2024-11-08,75857.89,1,23.0,0.0,12.0,11.0,0.4782608695652174
2024-11-09,76509.78,1,12.0,0.0,9.0,3.0,0.25
2024-11-10,76677.46,1,40.0,2.0,19.0,19.0,0.425
2024-11-11,80370.01,1,59.0,2.0,35.0,22.0,0.3389830508474576
2024-11-12,88648.0,1,44.0,5.0,20.0,19.0,0.3181818181818182
2024-11-13,87952.0,1,40.0,0.0,16.0,24.0,0.6
2024-11-14,90375.21,1,36.0,5.0,15.0,16.0,0.3055555555555556
2024-11-15,87325.59,1,33.0,3.0,20.0,10.0,0.21212121212121213
2024-11-16,91032.08,1,25.0,5.0,13.0,7.0,0.08
2024-11-17,90587.98,1,13.0,3.0,4.0,6.0,0.23076923076923078
2024-11-18,89855.98,1,32.0,4.0,17.0,11.0,0.21875
2024-11-19,90464.07,1,34.0,3.0,10.0,21.0,0.5294117647058824
2024-11-20,92310.8,1,19.0,1.0,4.0,14.0,0.6842105263157895
2024-11-21,94286.56,1,36.0,3.0,15.0,18.0,0.4166666666666667
2024-11-22,98317.12,1,38.0,3.0,22.0,13.0,0.2631578947368421
2024-11-23,98892.0,1,24.0,2.0,9.0,13.0,0.4583333333333333
2024-11-24,97672.4,1,25.0,0.0,16.0,9.0,0.36
2024-11-25,97900.05,1,68.0,4.0,32.0,32.0,0.4117647058823529
2024-11-26,93010.01,1,15.0,2.0,9.0,4.0,0.13333333333333333
2024-11-27,91965.16,1,39.0,4.0,27.0,8.0,0.10256410256410256
2024-11-28,95863.11,1,25.0,5.0,9.0,11.0,0.24
2024-11-29,95643.99,1,20.0,0.0,9.0,11.0,0.55
2024-11-30,97460.0,1,17.0,0.0,14.0,3.0,0.17647058823529413
2024-12-01,96407.99,1,27.0,1.0,10.0,16.0,0.5555555555555556
2024-12-02,97185.17,-1,31.0,3.0,17.0,11.0,0.25806451612903225
2024-12-03,95840.61,-1,47.0,9.0,27.0,11.0,0.0425531914893617
2024-12-04,95849.69,-1,39.0,4.0,17.0,18.0,0.358974358974359
2024-12-05,98587.32,1,108.0,5.0,35.0,68.0,0.5833333333333334
2024-12-06,96945.63,1,55.0,3.0,37.0,15.0,0.21818181818181817
2024-12-07,99740.84,1,27.0,1.0,17.0,9.0,0.2962962962962963
2024-12-08,99831.99,1,45.0,3.0,25.0,17.0,0.3111111111111111
2024-12-09,101109.6,1,69.0,2.0,38.0,29.0,0.391304347826087
2024-12-10,97276.48,-1,45.0,3.0,20.0,22.0,0.4222222222222222
2024-12-11,96593.0,1,38.0,0.0,28.0,10.0,0.2631578947368421
2024-12-12,101125.0,1,36.0,2.0,22.0,12.0,0.2777777777777778
2024-12-13,100004.29,1,40.0,5.0,19.0,16.0,0.275
2024-12-14,101424.24,1,35.0,0.0,16.0,19.0,0.5428571428571428
2024-12-15,101420.0,1,21.0,0.0,10.0,11.0,0.5238095238095238
2024-12-16,104463.99,1,57.0,3.0,32.0,22.0,0.3333333333333333
2024-12-17,106058.65,1,74.0,4.0,38.0,32.0,0.3783783783783784
2024-12-18,106133.74,1,65.0,4.0,29.0,32.0,0.4307692307692308
2024-12-19,100204.01,-1,59.0,7.0,29.0,23.0,0.2711864406779661
2024-12-20,97461.86,1,38.0,0.0,22.0,16.0,0.42105263157894735
2024-12-21,97805.44,1,69.0,1.0,27.0,41.0,0.5797101449275363
2024-12-22,97292.0,-1,33.0,1.0,12.0,20.0,0.5757575757575758
2024-12-23,95186.28,-1,45.0,5.0,23.0,17.0,0.26666666666666666
2024-12-24,94881.47,-1,47.0,4.0,22.0,21.0,0.3617021276595745
2024-12-25,98663.58,-1,21.0,0.0,14.0,7.0,0.3333333333333333
2024-12-26,99429.61,-1,43.0,2.0,28.0,13.0,0.2558139534883721
2024-12-27,95791.6,-1,42.0,5.0,25.0,12.0,0.16666666666666666
2024-12-28,94299.03,-1,24.0,0.0,15.0,9.0,0.375
2024-12-29,95300.0,-1,51.0,2.0,22.0,27.0,0.49019607843137253
2024-12-30,93738.19,-1,106.0,4.0,60.0,42.0,0.3584905660377358
2024-12-31,92792.05,-1,2.0,0.0,1.0,1.0,0.5
2025-01-01,93576.0,-1,18.0,0.0,9.0,9.0,0.5
2025-01-02,94591.78,-1,21.0,0.0,14.0,7.0,0.3333333333333333
2025-01-03,96984.79,1,23.0,1.0,14.0,8.0,0.30434782608695654
2025-01-04,98174.17,-1,19.0,0.0,7.0,12.0,0.631578947368421
2025-01-05,98220.51,-1,16.0,3.0,7.0,6.0,0.1875
2025-01-06,98363.61,1,33.0,5.0,20.0,8.0,0.09090909090909091
2025-01-07,102235.6,1,21.0,2.0,12.0,7.0,0.23809523809523808
2025-01-08,96954.6,1,30.0,2.0,18.0,10.0,0.26666666666666666
2025-01-09,95060.61,1,26.0,2.0,17.0,7.0,0.19230769230769232
2025-01-10,92552.49,-1,30.0,2.0,22.0,6.0,0.13333333333333333
2025-01-11,94726.1,1,9.0,0.0,3.0,6.0,0.6666666666666666
2025-01-12,94599.99,1,15.0,3.0,9.0,3.0,0.0
2025-01-13,94545.07,-1,23.0,0.0,14.0,9.0,0.391304347826087
2025-01-14,94536.11,-1,22.0,1.0,12.0,9.0,0.36363636363636365
2025-01-15,96560.85,-1,23.0,4.0,15.0,4.0,0.0
2025-01-16,100497.35,1,21.0,1.0,12.0,8.0,0.3333333333333333
2025-01-17,99987.3,-1,29.0,2.0,16.0,11.0,0.3103448275862069
2025-01-18,104077.47,1,25.0,3.0,18.0,4.0,0.04
2025-01-19,104556.23,1,36.0,2.0,19.0,15.0,0.3611111111111111
2025-01-20,101331.57,1,44.0,1.0,32.0,11.0,0.22727272727272727
2025-01-21,102260.0,1,27.0,1.0,19.0,7.0,0.2222222222222222
2025-01-22,106143.82,1,41.0,0.0,23.0,18.0,0.43902439024390244
2025-01-23,103706.66,1,47.0,9.0,26.0,12.0,0.06382978723404255
2025-01-24,103910.35,1,49.0,0.0,28.0,21.0,0.42857142857142855
2025-01-25,104870.51,1,20.0,1.0,15.0,4.0,0.15
2025-01-26,104746.86,1,6.0,0.0,5.0,1.0,0.16666666666666666
2025-01-27,102620.01,1,23.0,0.0,17.0,6.0,0.2608695652173913
2025-01-28,102082.83,-1,14.0,2.0,10.0,2.0,0.0
2025-01-29,101335.52,-1,21.0,0.0,14.0,7.0,0.3333333333333333
2025-01-30,103733.25,1,21.0,0.0,13.0,8.0,0.38095238095238093
2025-01-31,104722.94,1,18.0,1.0,12.0,5.0,0.2222222222222222
2025-02-01,102429.56,-1,16.0,2.0,10.0,4.0,0.125
2025-02-02,100635.66,-1,14.0,1.0,8.0,5.0,0.2857142857142857
2025-02-03,97700.59,-1,37.0,4.0,20.0,13.0,0.24324324324324326
2025-02-04,101328.51,-1,9.0,0.0,7.0,2.0,0.2222222222222222
2025-02-05,97763.14,-1,23.0,1.0,12.0,10.0,0.391304347826087
2025-02-06,96612.44,-1,18.0,2.0,13.0,3.0,0.05555555555555555
2025-02-07,96554.35,-1,17.0,0.0,15.0,2.0,0.11764705882352941
2025-02-08,96506.8,-1,9.0,0.0,7.0,2.0,0.2222222222222222
2025-02-09,96444.75,-1,18.0,1.0,6.0,11.0,0.5555555555555556
2025-02-10,96462.75,-1,33.0,5.0,20.0,8.0,0.09090909090909091
2025-02-11,97430.82,-1,16.0,1.0,8.0,7.0,0.375
2025-02-12,95778.21,-1,14.0,2.0,7.0,5.0,0.21428571428571427
2025-02-13,97870.0,1,16.0,0.0,10.0,6.0,0.375
2025-02-14,96608.13,-1,23.0,1.0,11.0,11.0,0.43478260869565216
2025-02-15,97500.47,-1,9.0,4.0,3.0,2.0,-0.2222222222222222
2025-02-16,97569.67,1,14.0,2.0,8.0,4.0,0.14285714285714285
2025-02-17,96118.12,-1,34.0,1.0,22.0,11.0,0.29411764705882354
2025-02-18,95780.01,-1,14.0,0.0,5.0,9.0,0.6428571428571429
2025-02-19,95671.74,-1,32.0,5.0,21.0,6.0,0.03125
2025-02-20,96644.37,1,38.0,1.0,14.0,23.0,0.5789473684210527
2025-02-21,98305.01,1,34.0,8.0,16.0,10.0,0.058823529411764705
2025-02-22,96181.99,1,23.0,0.0,19.0,4.0,0.17391304347826086
2025-02-23,96551.01,-1,18.0,2.0,9.0,7.0,0.2777777777777778
2025-02-24,96258.0,-1,67.0,3.0,32.0,32.0,0.43283582089552236
2025-02-25,91552.88,-1,49.0,9.0,28.0,12.0,0.061224489795918366
2025-02-26,88680.39,-1,37.0,1.0,15.0,21.0,0.5405405405405406
2025-02-27,84250.09,-1,35.0,7.0,17.0,11.0,0.11428571428571428
2025-02-28,84708.57,-1,44.0,1.0,22.0,21.0,0.45454545454545453
2025-03-01,84349.95,-1,14.0,2.0,7.0,5.0,0.21428571428571427
2025-03-02,86064.54,-1,57.0,1.0,25.0,31.0,0.5263157894736842
2025-03-03,94269.99,-1,59.0,1.0,31.0,27.0,0.4406779661016949
2025-03-04,86221.16,-1,36.0,2.0,22.0,12.0,0.2777777777777778
2025-03-05,87281.98,-1,52.0,0.0,30.0,22.0,0.4230769230769231
2025-03-06,90606.0,-1,56.0,2.0,34.0,20.0,0.32142857142857145
2025-03-07,89931.88,-1,103.0,8.0,40.0,55.0,0.4563106796116505
2025-03-08,86801.74,-1,39.0,0.0,20.0,19.0,0.48717948717948717
2025-03-09,86222.46,1,19.0,3.0,8.0,8.0,0.2631578947368421
2025-03-10,80734.48,-1,46.0,1.0,31.0,14.0,0.2826086956521739
2025-03-11,78595.86,-1,41.0,2.0,27.0,12.0,0.24390243902439024
2025-03-12,82932.99,-1,31.0,1.0,17.0,13.0,0.3870967741935484
2025-03-13,83680.12,-1,28.0,2.0,9.0,17.0,0.5357142857142857
2025-03-14,81115.78,-1,21.0,1.0,11.0,9.0,0.38095238095238093
2025-03-15,83983.19,-1,33.0,4.0,11.0,18.0,0.42424242424242425
2025-03-16,84338.44,-1,25.0,2.0,11.0,12.0,0.4
2025-03-17,82574.52,-1,30.0,0.0,25.0,5.0,0.16666666666666666
2025-03-18,84010.02,-1,34.0,7.0,16.0,11.0,0.11764705882352941
2025-03-19,82715.03,-1,36.0,1.0,21.0,14.0,0.3611111111111111
2025-03-20,86845.93,1,32.0,3.0,19.0,10.0,0.21875
2025-03-21,84223.38,1,31.0,5.0,17.0,9.0,0.12903225806451613
2025-03-22,84088.79,1,11.0,0.0,6.0,5.0,0.45454545454545453
2025-03-23,83840.59,1,9.0,1.0,5.0,3.0,0.2222222222222222
2025-03-24,86082.5,1,38.0,1.0,27.0,10.0,0.23684210526315788
2025-03-25,87498.16,1,36.0,0.0,21.0,15.0,0.4166666666666667
2025-03-26,87392.88,1,37.0,0.0,20.0,17.0,0.4594594594594595
2025-03-27,86909.17,1,25.0,0.0,15.0,10.0,0.4
2025-03-28,87232.01,1,29.0,2.0,21.0,6.0,0.13793103448275862
2025-03-29,84424.38,1,19.0,1.0,11.0,7.0,0.3157894736842105
2025-03-30,82648.53,-1,20.0,1.0,7.0,12.0,0.55
2025-03-31,82390.0,-1,24.0,1.0,17.0,6.0,0.20833333333333334
2025-04-01,82550.0,-1,35.0,1.0,24.0,10.0,0.2571428571428571
2025-04-02,85158.35,1,30.0,0.0,19.0,11.0,0.36666666666666664
2025-04-03,82516.28,-1,27.0,2.0,11.0,14.0,0.4444444444444444
2025-04-04,83213.09,-1,41.0,5.0,27.0,9.0,0.0975609756097561
2025-04-05,83889.87,-1,21.0,1.0,6.0,14.0,0.6190476190476191
2025-04-06,83537.99,-1,22.0,2.0,18.0,2.0,0.0
2025-04-07,78430.0,-1,35.0,1.0,22.0,12.0,0.3142857142857143
2025-04-08,79163.24,-1,20.0,1.0,15.0,4.0,0.15
2025-04-09,76322.42,-1,31.0,2.0,20.0,9.0,0.22580645161290322
2025-04-10,82615.22,1,35.0,1.0,29.0,5.0,0.11428571428571428
2025-04-11,79607.3,-1,26.0,5.0,13.0,8.0,0.11538461538461539
2025-04-12,83423.83,-1,7.0,0.0,3.0,4.0,0.5714285714285714
2025-04-13,85276.91,1,6.0,0.0,5.0,1.0,0.16666666666666666
2025-04-14,83760.0,1,22.0,1.0,15.0,6.0,0.22727272727272727
2025-04-15,84591.58,1,22.0,0.0,8.0,14.0,0.6363636363636364
2025-04-16,83643.99,1,23.0,2.0,9.0,12.0,0.43478260869565216
2025-04-17,84030.38,1,11.0,2.0,6.0,3.0,0.09090909090909091
2025-04-18,84947.92,1,22.0,0.0,11.0,11.0,0.5
2025-04-19,84474.7,1,7.0,2.0,1.0,4.0,0.2857142857142857
2025-04-20,85077.0,1,11.0,0.0,7.0,4.0,0.36363636363636365
2025-04-21,85179.24,1,31.0,1.0,21.0,9.0,0.25806451612903225
2025-04-22,87516.22,1,43.0,0.0,31.0,12.0,0.27906976744186046
2025-04-23,93442.99,1,31.0,3.0,23.0,5.0,0.06451612903225806
2025-04-24,93691.07,1,45.0,2.0,16.0,27.0,0.5555555555555556
2025-04-25,93980.47,1,29.0,4.0,13.0,12.0,0.27586206896551724
2025-04-26,94638.68,1,13.0,3.0,5.0,5.0,0.15384615384615385
2025-04-27,94628.0,1,14.0,1.0,5.0,8.0,0.5
2025-04-28,93749.29,1,19.0,4.0,9.0,6.0,0.10526315789473684
2025-04-29,95011.18,1,22.0,3.0,10.0,9.0,0.2727272727272727
2025-04-30,94256.82,1,35.0,3.0,23.0,9.0,0.17142857142857143
2025-05-01,94172.0,1,34.0,2.0,21.0,11.0,0.2647058823529412
2025-05-02,96489.9,1,44.0,1.0,27.0,16.0,0.3409090909090909
2025-05-03,96887.13,1,30.0,4.0,16.0,10.0,0.2
2025-05-04,95856.42,1,18.0,3.0,11.0,4.0,0.05555555555555555
2025-05-05,94277.61,1,46.0,1.0,28.0,17.0,0.34782608695652173
2025-05-06,94733.68,1,31.0,1.0,18.0,12.0,0.3548387096774194
2025-05-07,96834.02,1,48.0,4.0,34.0,10.0,0.125
2025-05-08,97030.5,1,99.0,5.0,59.0,35.0,0.30303030303030304
2025-05-09,103261.61,1,72.0,2.0,47.0,23.0,0.2916666666666667
2025-05-10,102971.99,1,17.0,0.0,11.0,6.0,0.35294117647058826
2025-05-11,104809.53,1,18.0,2.0,6.0,10.0,0.4444444444444444
2025-05-12,104118.0,1,32.0,1.0,13.0,18.0,0.53125
2025-05-13,102791.32,1,26.0,3.0,14.0,9.0,0.23076923076923078
2025-05-14,104103.72,1,27.0,2.0,19.0,6.0,0.14814814814814814
2025-05-15,103507.83,1,18.0,2.0,8.0,8.0,0.3333333333333333
2025-05-16,103763.71,1,12.0,1.0,5.0,6.0,0.4166666666666667
2025-05-17,103463.9,1,8.0,1.0,3.0,4.0,0.375
2025-05-18,103126.65,1,14.0,0.0,7.0,7.0,0.5
2025-05-19,106454.27,1,36.0,7.0,18.0,11.0,0.1111111111111111
2025-05-20,105573.73,1,39.0,3.0,16.0,20.0,0.4358974358974359
2025-05-21,106850.0,1,44.0,3.0,24.0,17.0,0.3181818181818182
2025-05-22,109643.99,1,45.0,3.0,20.0,22.0,0.4222222222222222
2025-05-23,111696.22,1,31.0,5.0,16.0,10.0,0.16129032258064516
2025-05-24,107318.3,1,10.0,0.0,6.0,4.0,0.4
2025-05-25,107761.9,1,14.0,1.0,6.0,7.0,0.42857142857142855
2025-05-26,109004.2,1,22.0,1.0,15.0,6.0,0.22727272727272727
2025-05-27,109434.78,1,19.0,1.0,10.0,8.0,0.3684210526315789
2025-05-28,108938.17,1,39.0,2.0,24.0,13.0,0.28205128205128205
2025-05-29,107781.78,1,45.0,7.0,25.0,13.0,0.13333333333333333
2025-05-30,105589.75,1,22.0,0.0,16.0,6.0,0.2727272727272727
2025-05-31,103985.47,-1,31.0,1.0,21.0,9.0,0.25806451612903225
